Novati Translation by Michael Chidester Getty Translation by Colin Hatcher,Morgan Version (1400s) [edit] Transcribed by Michael Chidester,Getty Version (1400s) [edit] Transcribed by Michael Chidester
"[1] The Stance of the Shortened Serpent I am the Shortened Stance, the Serpent, with axe in hand; If my thrust does not miss, I will made trouble for you.  I am the Short Serpent Guard and I consider myself better than the other guards. And whoever receives one of my thrusts will bear the scars.[356] This guard delivers a powerful thrust that can penetrate cuirasses and breastplates. Fight with me[357] if you want to see the proof.",,"· Posta breve serpentina · [35v-a] ¶ Io son posta breve la serpentina che megliore dele altre me tegno. A chi daro mia punta ben gli parera lo segno. Questa punta si'e forte per passare coraze e panceroni, deffende ti che voglio far la prova."
"[2] The Stance of the True Cross I am the strong stance called the Cross: Nothing can bother me, neither blows of the axe nor thrusts. I am named the Guard of the True Cross, since I defend myself by crossing weapons, and the entire art of fencing and armed combat is based on defending yourself with the covers of crossed weapons. Strike as you wish, I’ll be waiting for you. And just as the student of the First Remedy Master of the sword in armor does, so I can do with a step and a thrust with my poleaxe.",,"· Posta de vera crose · [35v-b] ¶ Io son posta di vera crose, pero che cum crose me defendo. E tutta l'arte di scarmir[!] e de armizare se defende cum coverte dello armizare incrosare. Tra pur, che ben t'aspetto, che zo che fa lo scolar primo dello magistro remedio della spada in arme cum lu modo e cum lo passar tale punta cum la azza mia ti posso far."
"[3] [The Stance of the Queen] I am the Stance of the Queen, of pure loyalty: I make great blows from a different measure. I am the Guard of the Lady, and I go against the Boar’s Tusk guard. If he waits for me, I will make a powerful strike at him, in which I move my left foot off the line, and then I pass forwards, striking downwards at his head. And if he blocks strongly under my poleaxe with his, then even if I can’t strike him in his head I will not fail to strike his arms or hands.",,"[35v-c] ¶ Posta de donna son contra dente zengiaro, Si ello mi aspetta uno grande colpo gli voglio fare, zoe che passaro lo pe stancho acressando fora de strada, e intraro in lo fendente per la testa. E si ello vene cum forza sotto la mia azza cum la sua, se non gli posso ferire la testa, ello no me mancha a ferirlo o in li[360] brazzi o en le man."
"[4] [The Wild Boar's Tusk/Middle Iron Gate] I am the Boar's Tusk, full of daring: Blows of the axe can do nothing to me. If my Middle Iron Gate is opposed by the Guard of the Lady, we both know each other’s game, for we have faced each other many, many times in battle with swords and with poleaxes. And let me tell you, what she claims she can do to me, I can do better against her. Also let me tell you that if I had a sword instead of a poleaxe, then I would thrust it into my opponent’s face as follows: when I am waiting in the Middle Iron Gate with my two-handed sword, if he attacked me with his poleaxe with a powerful downward strike from the Guard of the Lady, then I quickly advance forward striking him strongly under his poleaxe as I step off the line, and then I quickly grasp my sword in the middle with my left hand and make the thrust into his face. While there is little difference between we two guards, I am the more deceptive.",,"[35v-d] ¶ Si posta di donna a mi porta di ferro mezana e contraria, io cognosco lo suo zogo e'llo mio. E piu e piu volte semo stade ale batagle e cum spada e cum azza. E si digo che quello ch'ella dise de poder fare, piu lo posso far a lei ch'ella lo po far a mi. Anchora digo che se io avesse spada e non Aza che una punta gli metteria in la fazza, zoe, che in lo trar che posta di donna fa cum lo fendente, e io son in porta de ferro mezana cum la spada a doii mane,[362] che subito in lo suo venire, io acresco e passo fora de strada, sotto la sua azza per forza io entro, E subito cum la mia man stancha piglio mia spada al mezo e'la punta gli metto in volto. Si che tra noii altro che de malicia e pocha conparacione."
"[5] [The Stance of the Long Tail] I am the Long Tail, used against the Window Guard, and I can strike at any time. With my downward strikes I can beat every poleaxe or sword to the ground, setting me up nicely for close play. As you see the plays that follow, please consider each one in sequence.",,"[36r-a] ¶ Coda longa Io son, contra posta de Fenestra voglio fare de tutto tempo posso ferire. E cum mio colpo di fendente ogni Azza e spada in terra sbateria, E al zogo stretto, forte me faria. Come voii troverete qui gli zoghi di dredo, de guardagli a uno a uno che ven prego."
"[6] [The Stance of the Casement Window on the Left] I am named Window Guard on the left, and I am made with the right arm pulled back.[364] This is not a good guard to wait in.[365] Everything I do is deceptive. You think that I am going to strike a downward strike, but I pass backwards and switch guards. So while I began on the left, I actually enter on the right. And I can quickly transition to the plays that follow.",,"[36r-b] ¶ Posta de Fenestra son chiamata la sinestra, uno picolo brazo se fa de mi ala destra. Noii non avemo stabilita. Una e l'altra cerca la falsita. tu credera che io vegna cum lo fendente, e io tornero un pe indredo e mi mudero di posta. Li che era in la sinestra, io entrero in la destra. E crezo entrare in gli zoghi che vegneno dredo ben presta."
"[7] I have beaten your axe to the ground; Mine will quickly be thrust in your face. These are the plays that these guards put to the test. Each guard can do them, and each guard believes it will prevail. As is drawn here, whoever beats his opponent’s poleaxe to the ground can do these plays, and will succeed as long as the opponent fails to counter him. [In the Getty and Pisani Dossi, the Master is missing his crown.]",,"[36v-a] ¶ Questi sono gli zoghi delli quali le guardie fano questione. Zaschuna le vol pigliare, e crede aver rasone. Quello che po sbatter la azza dello compagno a terra come e qui depento, questi zoghi quello fazza, Tutti gli fara se lo contrario non lo impaza."
"[8] This student puts his axe between his opponent’s legs, and covers his eyes with his left hand. When the opponent, who cannot see, tries to turn, he will surely fall to the ground.",,"[36v-b] ¶ Lo scolaro ch'a'zza alo zugadore la sua azza enfra le gambe. e cum la man stancha ello gli covra la vista. E quando lo zugador non vede, e se vole voltare, tosto va in terra senza fallare."
"[9] I am risen from the Boar's Tusk with my axe, And with that I have wounded you in your face. The previous student can also do this play when he is at close range, as you can see here. He steps with his left foot on top of his opponent’s poleaxe head, and draws back his own poleaxe, then thrusts it into his opponent’s face. [In the Getty, the Scholar's right foot is on his opponent's poleax.]",,"[36v-c] ¶ Anche lo scolaro che m'e denanzi po fare questo zogho quando ello e ale strette come veder possete Lo pe stancho pogna sopra la sua azza, e tra la sua in dredo. e la punta metta allo zugadore in la fazza."
"[10] I have lifted your visor—you feel it— And I will bore out your teeth with my axe. The previous student saw that it was not possible to strike his opponent in the face with his poleaxe, because his opponent’s visor is too strong. So he advances his left foot forward and lifts the opponent’s visor, and drives his point into his face with as much force as he can give to his poleaxe. You can add on this play to any of the previous plays, as well as to any of the plays which follow.",,"[36v-d] ¶ Lo scolaro ch'e denançi vede che cum la punta dela Azza non a possudo far niente a lo zugadore in lo volto per la visera ch'e forte. Ello acresse lo pe stancho, e levagli la visera e la punta gli mette in la fazza, cum tanta forza ch'ello po dare a la sua azza. Questo zogho che fazo seguisse quelli ch'e denançi, e poii quelli de dredo tutti quanti.[367]"
"[11] Because of my hand which I have under your arm I will cause you trouble in the strong key. With this hold[369] I can strike you in the head with my poleaxe, and with my left arm I will put you in the Strong Lower Bind, which is more deadly than any other lock. [These two images seem to show the beginning and end of the technique.]",,"[37r-a] ¶ Per questa presa che io chosi te tegno cum mia Azza te feriro in la testa. e cum mio brazzo mancho ti mettero in ligadura de sotto la forte, che piu che le altre e pericolosa di morte."
"[12] I will make a quick rotation through this catch: You will lose your axe; mine will strike you in the head.  With a half-turn of this poleaxe I will take it from your hands. And once I have taken it from you with this particular turn, I will strike you in the head with it, as the next student shows. And I do not believe you will survive this.",,"[37r-b] ¶ Cum meza volta ti cavaro questa Azza dele mane. E tolta che io te'lla avero, in quello proprio voltare, io ti feriro in la tua testa come fa questo scolar che m'e dredo, tu cazera morto comme io credo."
"[13] This play follows on from the student before me. As he clearly told you, you will likely drop to the ground dead after being struck in the head like this. And if this blow is not enough then I can give you another. If I choose I can also drag you to the ground by your visor, which is drawn next.",,"[37r-c] ¶ Questo zogho e dello scolaro che m'e denançi che fazo, Quello ch'ello a ditto ben lo crezo che in terra cazerai morto per lo colpo che in la testa io t'o fatto. E se questo colpo non ti basta, uno altro ten posso dare, e poii per la visera in terra te voro tirare. Chome qui dredo depento, e quello ti faro se non mi pento."
"[14] I am demonstrating what the student before me said he would do to you, that is dragging you to the ground by your visor. This is a grappling technique that is one of the better ones you can do.[371]",,"[37r-d] ¶ Quello che dise lo scolaro ch'e denanzi quello io ti fazzo, che per la visera in terra ti voglio zitare. E se volesse quello ti faria cum lo abrazare, che meglio che li altri, e quello so ben fare."
"[15] This play is easy to understand, and you can clearly see how I can drag him to the ground. And when I have him on the ground, I can drag him behind me. And when the long tail of my poleaxe can no longer hold him, then he’ll feel my strikes.",,"[37v-a] ¶ Questo zogho e liçero de intender che ben se vede ch'ello posso in terra zitare. E quando lo sara in terra dredo me'llo voro strassinare. E quando la corda piu non lo tegnera, delle mie feride asai ello avera."
"[16] This poleaxe of mine is filled with a powder and is hollow and perforated.[372] And this powder is so strongly corrosive that the moment it touches your eye, you will no longer be able to open it, and you may be permanently blinded. I am the poleaxe, heavy, vicious and deadly. I deliver blows more powerful than any other hand-held weapon. If my first strike misses, then my poleaxe becomes risky to hold on to and is no more of any use to me. But if my first blow is powerfully made on target, then I can stop any other hand-held weapon. And if I am accompanied with good protective armor, then I can defend myself with any of the powerful striking guards of the sword. My most noble lord, my Marquis, there are some vicious things shown in this book that you would never do. I show you them purely to aid your knowledge.[373]",,"[37v-b] ¶ Questa mia Azza era piena de polvere, e si'e la ditta Azza busada intorno intorno.[374] & e questa polvere si forte corrosiva che subito come ella tocha l'ochio, l'omo per nissun modo no'l po avrire, e fuorsi maii non vedera piu. ¶ Azza son ponderosa crudele e mortale. mazori colpi fazo che altra arma manuale. E se io falisso lo primo colpo che vegno a fare, la Azza m'e di danno e niente piu non vale. E se io fiero lo primo colpo ch'io fazzo, Tutte le altre Arme manuale io cavo d'impazo. E se son cum bone arme ben acompagnada, per mia deffesa piglio le guardie, pulsative de spada. Signore nobilissimo Signor mio Marchese, assaii chose sono in questo libro che voii tale malicie non le fareste. Ma per piu savere, piazavi di vederle."
"[17] This is the powder that you use in the poleaxe drawn above. Take the sap of the spurge,[375] and dry it in a warm oven to make a powder. Now take two ounces of this powder and one ounce of powder of fior d'preda,[376] and mix them together. Now load this powder into the poleaxe shown above. You can do this with any good caustic powder, but you won’t find a better recipe than the one in this book.",,"[37v-d] ¶ Questa e la polvere che va in la Azza penta qui sopra. Pigla la latte delo titimallo, e seccalo al sole overo in forno caldo e fane polvere, e piglia di questa polvere unce ·ⅱ· e una unza de polvere de Fior de preda, e mescola in sembre. e questa polvere si de metter in la Azza qui de sopra, ben che se po fare cum ogni rutorio che sia fino, che ben ne trovereti di fini in questo libro."
"[1] The extended lance which is used in hand; The more it is extended, the less it deceives. Six Masters stand in guard with it, And with a step and a beat, they suddenly strike, Both from the right side and from the left (for certain): The beat is made to the side and not up; And the beat wants to be one arm's length on the lance, And whoever goes against it will make such a failure.",,
"[2] I wait in this guard with my lance shortened: My method is to beat and to exchange thrusts. We are three masters using spear guards that are closely related to the sword guards. I am the first, which is the Full Iron Gate. I am positioned to quickly beat aside my opponent’s spear, and to do that I step crosswise off the line with my right foot, crossing his spear and beating it to the left. When you step and beat aside together, that combination is hard to beat.",[9r-a] Nuii semo tri magistri in guardia cum nostre lanze e convegnemo piglare aquelle della spada. E io non son lo primo che in tuta porta di ferro son posto per rebatter la lanza dello zugadore tosto zoe. Che passaro cum lo pe drito ala traversa fora de strada. E atraversando la sua lanza rebatero in parte stancha. Si che llo passar e llo rebater se fa in uno passo cum lo ferire. Aquesta cosa che non se po falir.,"[39r-a] ¶ Noi semo tre Magistri in guardia cum nostre Lanze, e convegnemo piglare quelle dela spada. E io son lo primo che in tutta porta di ferro son posto per rebatter La lanza del zugador tosto, zoe che passaro cum lo pe dritto ala traversa fora de strada, E traversando la sua lança rebattero in parte stancha. Si che'llo passar e'llo rebatter se fa in un passo cum lo ferire. Questa e chosa che non se po fallire."
"[3] Your lance is extended and mine is shortened: Attack and do not flee, so I may do you villainy.  I am positioned in the Middle Iron Gate. My method is to beat aside then counter-strike. Come against me as you will with short spear or staff, when I beat your weapon aside as I step I will never fail to strike you. When you are using a short spear or sword, all guards that are made with the point offline are sufficient for you to wait in when facing any long hand-held weapon. Guards that cover from the right are followed with a step and a thrust. Guards from the left side can also cover and beat aside, but these will wound with a strike, because they cannot effectively place a thrust.","[9r-b] In meza porta di ferro io me ho posto cum curta lanza lo rebater e llo ferire, e sempre mia usanza. E vegna chi vole cum longa lanza, o stanga, che rebater cum passo lo ferire non mi mancha. Che tute le guardie che stano fora de strada, cum curta lanza, e curta spada, Sono soficienti a'spetar, ogni arma manuale longa. E aquelle della parte drita, covrano, e cum coverta passano, e meteno punta. E lle guardie de parte sinistra covrano, o rebateno, e di colpi fierano e non po metere acosi ben punta.","[39r-c] ¶ In meza porta di Ferro io me o posto cum la lanza Lo rebatter e Lo ferire e sempre mia usanza. E vegna chi vole cum meza lanza o stanga, che rebatter cum passo lo ferir non me mancha. che tutte le guardie che stano fora de strada, cum curta lanza e curta spada sono sufficienti a spettare ogni arma manuale longa. E quelle dela parte dritta covrano e cum coverta passa e metteno punta. E le guardie de parte sinistra covrano e rebatteno e di colpo fierano, e non po metter chossi ben punta."
"[4] I will beat your [lance] with my lance as I step And then I will quickly encase it in your chest. I am the noble Right Side Window, always ready to beat aside and counter-strike, and a long spear hardly bothers me. Also if I was using a sword I would wait for the long spear in this same guard, which beats aside and obstructs all thrusts. I can also exchange thrusts, or beat them to the ground without difficulty. I would finish this play with the play shown next.","[9r-c] Io son in la nobele posta de fenestra dextra che in rebater, e ferir sempre io son presta. E de lanza longa me curo pocho. Ancora cum la spada e aspetaria la longa lanza siando in questa guarda che ogni punta rebate e si la intarda. E llo scambiar de punta io posso fare. E llo rebater a terra non se po falar. In lo zogo che n'e dredo volemo finire.","[39v-a] ¶ Io son la nobele posta di Finestra destra, che in rebatter e ferir sempre io son presta. e de lanza lunga me curo pocho. Anchora cum la spada io spetteria la longa lanza stando in questa guardia che ogni punta rebatte, e si la intarda. E llo scambiar de punta io posso fare. E llo rebatter a terra non se po fallare, In lo zogho che n'e dredo volemo finire."
"[5] This is the strike of these three previous Masters, And in this way their lance should end in your face or chest.  The three guards shown above (Full iron Gate, Middle Iron Gate and the overhead Right Side Window) should all finish with this strike, which is used to end the play and demonstrate their skill. Here I show the finishing strike for each of them. [In the Getty, the Master is missing his crown.]","[9r-d] In questo zogo finisseno li tre guardie che denanci son zoe, tuta porta di ferro, e porta di ferro la mezana, e posta di fenestra dextra la soprana in questo zogo elle finisseno li zoghi e la lore[!] arte. Como io fiero a costui in lo volto[377] per lor parte. Aquesto e lo contrario deli tri magistri dela lanza che finisseno in questo zogo, e'l modo voglo dire. Quando gli magistrii credeno la mia lanza fora de lor persona cazare io do volta ala mia lanza, e ferischo cum lo pedale. che a E acosi o bon Ferro in lo pedale ch'ala punta, gli zoghi de quisti magistri pocho me monta.","[39v-c] ¶ In questo zogho finiseno le tre guardie che denanzi sono, zoe, tutta porta di ferro, e porta di ferro La mezana, e porta[!] de fenestra La soprana destra. In questo zogho elle finisseno li zoghi e la'lor arte. Come io fiero chostuii per lor parte."
"[6] This is the counter to the three spear masters shown above, who all finish their play with the strike shown above. Let me explain how to do it: When the Master believes he has driven my spear off-line, I rotate my spear and will strike him with the butt end, which is steel-capped, like the point. Thus, the plays of these masters pose little threat to me.","[9r-d] In questo zogo finisseno li tre guardie che denanci son zoe, tuta porta di ferro, e porta di ferro la mezana, e posta di fenestra dextra la soprana in questo zogo elle finisseno li zoghi e la lore[!] arte. Como io fiero a costui in lo volto[377] per lor parte. Aquesto e lo contrario deli tri magistri dela lanza che finisseno in questo zogo, e'l modo voglo dire. Quando gli magistrii credeno la mia lanza fora de lor persona cazare io do volta ala mia lanza, e ferischo cum lo pedale. che a E acosi o bon Ferro in lo pedale ch'ala punta, gli zoghi de quisti magistri pocho me monta.","[39v-d] ¶ Questo e lo contrario delli tre Magistri dela lanza che finisseno in lo zogho che m'e denanzi, El modo voglo dire. Quando gli magistri credeno la mia lanza fora de lor persona caçare, io do volta ala mia lanza o ferisco cum lo pedale, e chossi o ben ferro in lo pedale che ala punta, Gli zoghi di questi magistri pocho mi monta."
"[7] We are three Masters who play on the left side: Come one by one whoever wishes and we will waste him. And for the fourth Master that finishes our plays in the art, We have given him his fair share of the Crown. This guard can suffice for me against any lance, I cover myself both above and below by beating and stepping; I do it with the butt low and with the other end high, And I could make a cover and a strike without trouble. We are three left side guards, and I am the first, in the Boar’s Tusk. The left side guards do the same as the right side guards. We step offline advancing our lead foot, and then we strike with our thrusts on the left side. Both right side and left side guards beat aside then thrust, because other attacks with the spear are not as effective.","[9v-a] Nuii semo tre guardie di parte riversa, e io son la prima in dente de zenghiar. Aquelle guardie che sone de parte drita fanno, aquello che fazemo della riversa. Nuii passamo fora de strada innanci acresendo lo pe ch'e denanci como ditto, Fora de strada. E de nostre punte de parte riversa fazemo derada. E tute de parte dritta, e riversa convegnemo in punta rebatendo finir, Che altra offesa cum la lanza non ne po seguir.","[40r-a] ¶ Noii semo tre guardie di parte riversa, e io son la prima in dente di zengiaro. Quelle che sono da parte dritta fano quello che fazemo dela riversa. Noii passamo fora de strada inanzi acressando lo pe ch'e denançi come ditto fora de strada. E de nostre punte de parte riversa fazemo derada. E tutte de parte dritta e riversa convegnemo in punta rebatendo finire, che altra offesa cum la lanza non de po seguire."
"[8] I know how to ward any lance with this guard: Strike, for I want to harm you with mine in your chest. I am waiting for you in the Guard of the True Cross. You have clearly approached too close to me. I will pass backwards with my leading right foot, beating your spear offline to my right. My thrust will not fail me. Yours however will fail you.","[9v-b] Io in posta de vera croxe, io aspeto, tu m'e tropo apresso zoga netto. Lo pe deritto che m'e denanci in dredo lo tornero. E la tua lanza rebatero fora de strada, in verso man dritta. La mia punta non falira la tua sera falita","[40r-b] ¶ In posta di vera crose io aspetto. tu m'e troppo apresso, zoga netto. Lo pe dritto che m'e denanzi in dredo Lo tornero, E lla tua lanza rebattero fora de strada, Inverso la man dritta, La mia punta non fallita, La tua sara fallita."
"[9] I will finish you without fail in my turn, Because I am the Master of all exchanges. I am positioned in the Left Side Window Guard. If I do not strike you with a thrust you will be lucky. I will step offline to the left with my left foot, with my point held high and my arms low. Then I will thrust into your face and you will have no defense. The play that follows is the finish used by all three Masters. If you try it once, you won’t wish to try it again.","[9v-c] In posta fenestra sinistra io son aparechiado se non ti fiero cum punta tu naii[!] I bon mercato. La punta tegnero erta, e lli brazi bassi portero cum lo pe ch'e dredo cum quello io passaro fora de strada a man riversa. La punta ti metero in lo volto senza nesuna defesa. El zogo che m'e dredo noii tre magistri aquello possemo noi fare una volta lo provi non lo voraii piu provare.","[40r-c] ¶ In posta de fenestra sinistra io son aparechiado, Se non ti fiero cum punta tu naii[!] bon merchado. La punta tegniro erta e li brazzi bassi portero cum lo pe ch'e dredo cum quello io passaro fora de strada a'man riversa, La punta ti mettero in lo volto senza nissuna deffesa. El zogho che m'e dredo, noii tre Magistri quello possemo fare. Se una volta lo provi, non lo voraii piu provare."
"[10] The art of the lance makes its end here.  armor and without, this is its greatest defense. Here we end the plays of the spear that are made from the left side against threats and attacks. These three guards shown above are carefully chosen to easily defeat the long or the short spear, since they are effective in offense or defense. The counter to this thrust is easily done: when your thrust is beaten offline, you turn the butt of your spear and strike with that. And with that I have now shown you enough of the plays of the spear. [In the Getty, the Master is missing his crown.]","[9v-d] Lo zogo dela lanza aqui finisse che io lo fazo della parte riversa de lor zoghi me impazo. Aqueste tre guardie che sono denanci fano pensir, de lanza longa, o curta, de non la falir, che le sono guardie de si grande difesa, che in uno vargo le fanno defesa e ofesa. E llo contrario de questa punta, aquello bene si po fare. Quando cum quello ferir la punta se rompe lo pedale se de voltar. Dello zogo dela lanza bene po aquesto bastare.","[40r-d] ¶ Lo zogho dela lanza qui finisse che io lo fazo dela parte riversa de'lor zoghi mi impazo. Queste tre guardie che sono denanzi fano pensier de lanza longa, o curta de non la fallir, che elle sono guardia de grande deffesa che in uno vargo elle fano offesa e deffesa. E llo contrario di questa punta ben si po fare, quando la punta se rompe lo pedal se de voltare, e cum quello ferir dello zogo dela lanza ben po questo bastare."
"[11] In this way I wait with the dagger and with the staff: The staff will make a cover, the dagger will strike you in the chest. And that which I do with a staff, I could also do with a sword, Although I could find much stronger plays with the sword. This Master awaits these two men with spears. The Master, who's waiting with a staff and a dagger, sees that the first intends to attack with an overhand strike, while the second intends to strike underhand. In each case, before either opponent attacks with his spear, the Master tilts his staff to the right, like the guard Low Iron Gate, turning himself without moving his feet or lifting the staff off the ground. And so the Master waits in this guard. As either opponent attacks, the Master pushes the spear aside with his staff to the left, using his dagger too if needed. Following that cover, the Master steps and strikes. Both attackers with their spears will discover that he has a good defense.","[18r-c] Ad aquesto partito si e de bastone, e daga contra lanza lo scolar aspeta quello da la lanza in tuta porta di ferro voltandose la persona, e non movendo gli pie di terra nel bastone inverso parte dritta. E come quello dal lanza tra al scolaro cum sua lanza. Lo scolaro acresce lo pe stancho fora de strada rebatendo, e schivando la lanza. E passa adosso de lui senza tarda, e cum la daga lo po ferire, questo zogo se vole fare a non falire.","[31r-c] ¶ Questo magistro spetta questi[382] doi cum le lor lanze lo primo vol trar cum la punta sopra man, E l'altro vol trare sotto man. questo si vede. Lu magistro che aspetta cum lo bastone e cum la daga, quando uno di questi gli vol trare cum sua lanza, lo magistro piega lo baston in verso parte dritta zoe quasi in tutta porta di ferro voltando la persona, non amovendo gli pie ne lo baston di terra. E rimane lo magistro in guardia. E come uno di questi tra, ello rebatte la sua lanza cum lo bastone, e cum la daga s'ello bisogna a man stancha, e cum quello rebatter ello passa e fieri. E questa e la sua deffesa come troverete dredo questi doi de lanze."
"[12] We were both planning on striking this master, but as you heard we can no longer do that, unless we deceive him [when he blocks our strike] by rotating our spear so that the steel blade is at the rear and then striking him with the spear-butt. Then, if he blocks the butt-strike, we'll rotate our spear again and strike him on his other side with the steel blade. That's how we will counter him.",,"[31r-d] ¶ Eramo ambi doi disposti de ferire questo magistro ma segondo lo so ditto non poremo far niente. Salvo se noii no l'inganamo per questo modo zoe noi volteremo gli ferri dele lanze di dredo, e traremo cum lo pedale dela lanza. E quando ello rebattera lo pedale dela lanza, noii volteremo nostre lanze, E feriremo lo del'altra parte cum gli ferri dele lanze. E questo fara[!] lo suo contrario."
"[13] In that way that the previous Master has said, I strike that one in the chest with the dagger. This is the play of the Master who waits for those two with spears. The Master has in his right hand a dagger, and he keeps a stave straight in front of him in his left hand. He can do the play in this way. And I do it for him in his place. But if this player knew how to do well, he could have avoided the dagger’s point. If he had lifted his hands with the spear, and with the rest of the spear which remains at the rear-end, he had covered under my dagger, which means crossing, it would not have happened to him. And he could have damaged me with his spear, if he knew how to do this counter to me.",,"[31v-a] ¶ Questo si'e lo zogo del magistro che aspetta quelli doe cum doe lanze. Lo magistro a in la'mane drita una daga, e in la'mancha tene lo'bastone in pe dritto. denanzi defi[!].[384] Ello po fare in questo modo zogo. & io lo fazo per luii in so scambio. Ma se questo zugadore avesse sapiudo ben fare di questa punta de daga se posseva ben schivare, Se ello avesse largado le mane dela lanza, e cum lo avanzo dela lanza che avanza di dredo avesse coverto sotto la mia daga zoe incrosado, questo non gli saria incontrado. E cum sua lanza mi posseva guastare, si tal contrario m'avesse sapudo fare."
"[14] I wait here with two sticks and a dagger: I will throw the one at you and I will cover with the other, coming to the narrow, And I will quickly strike you in the chest with my dagger. This Master defends with two cudgels against a spear, as follows: when the spear man approaches to attack, the Master with strikes at his opponent’s head with the cudgel in his right hand. Then he quickly strikes with the cudgel in his left hand so as to make cover against the spear, and then he strikes his opponent in the chest with his dagger, as is shown next.",,"[31v-b] ¶ Questo magistro fara deffesa cum questi[385] doi bastoni contra la lanza in questo modo, che quando quello dela lanza gli sara apresso per trare, lo magistro cum la mane dritta tra lo bastone per la testa di quello dela lanza. E subito cum quello trare, va cum l'altro bastone ala coverta dela lanza, e cum sua daga gli fieri in lo petto segondo ch'e depento a qui dredo."
"[15] That which the Master has said, so do I do, I have placed the dagger in your chest without trouble. I show the play of the Master before me. If he had known the counter, he would have obstructed me as follows: he would have lifted my hands with his spear by rotating it under my dagger, and in that way he would have been able to obstruct me and destroy me. So take this, since you know nothing.",,"[31v-c] ¶ Io fazo lo detto del magistro qui denanzi. Si lu contrario avesse sapudo, averissi mi fatto impazo per tal modo. Avere levado le mane cum la tua lanza sotto la mia daga. e per tal modo m'aresti possudo guastare. Habi questo che non sapesti niente fare."
"[16] Here are three opponents who wish to kill this Master. The first intends to strike underhand, and he carries his spear at the mid-point. The second carries his lance couched and fully extended. The third intends to throw his spear. They have agreed that no one will make more than one strike each. Also they will take it in turns.","[8r-c] Aqui sono tri compagni che volemo ferire aquesto magistro lo primo vole ferire sotto man che porta sua lanza a meza lanza l'altro porta sua lanza a restada a tuta lanza, lo terzo lo vole alanza cum sua lanza E si a de patto che nesuno non debia fare piu de uno colpo per homo, anchora debano fare a uno a uno.","[46r-a] ¶ Qui sono tre compagni che voleno alçider questo magistro. Lo primo lo vole ferir sotto man che porta sua lanza a meza lanza, L'altro porta sua lança restada a tutta lança, Lo terzo lo vole alanzare cum sua lanza. E si'e de patto che nissuno non debia fare piu d'un colpo per homo, Anchora debano fare a uno a uno."
"[17] Even if Rolando and Pulicano were to make me an invitation with lances, I would await them in this match with spear or with staff; I will beat their lances and I will strike their heads As I depart from this guard. Attack me one after another if you choose. For I am not going anywhere. I am ready and waiting for you in the Boar’s Tusk guard. When the spear is launched against me, whether fixed grip or thrown from the hand, I quickly step off line by advancing my right foot and stepping crosswise with my left foot, beating aside the spear that comes to strike me. Even if I were attacked a thousand times, my defense would not fail me even once. What I can do with my ghiavarina I could also do with a staff or a sword. The defense I make against the spear I could also make against a sword or a staff. My plays are shown next.","[8r-d] Vegna a uno a uno chi vole venire, che per nesun di qui non per partir. Anche in dente de zenghiar sono posto per aspetare, quando la lanza contra me vignira portada overo de man zitada, subito io schivo la strada zoe che io acresco lo pe dritto fuora de strada, e cum lo stancho passo ala traversa rebatendo la lanza che mi vene per ferir. Si che de mille una non poria falir. Aquesto io fazo cum la chiavarina cum bastone cum spada lo faria. E la defesa ch'io Fazo le contra le lanze contra spada contra bastone aquello faria li mie zoghi sono di dredo, guardagli ch'io ven prego.","[46r-b] ¶ Vegna a uno a uno chi vol venire, che per nessuno di qui non mi son per partire, Anche in dente di cenghiaro son presto per aspettare. Quando la lanza contra me vignira portada overo de mane zitada, subito io schivo la strada zoe che io acresco lo pe dritto fora de strada e cum lo stancho passo ala traversa rebattendo la lanza che mi vene per ferire. Si che de mille[387] una non poria fallire. Questo ch'io façço cum la ghiavarina, cum bastone e cum spada lo faria. E'lla deffesa ch'io fazo contra le lanze, contra spada e contra bastone, quello faria li mie zoghi che sono dredo."
"[18] I cut you in the head with my spear From the guard of the Master which is so quick. This is the play of the Master who waits with his ghiavarina in the Boar’s Tusk for an attack from the three on horseback. To enter into this play he steps off line and beats aside his opponent’s spear. And although he knows this play, I will demonstrate for him that my ghiavarina is so fast that I can strike my opponent with both thrusts or cuts against his head.","[8v-a] Aquesto zogo si e delo magistro ch'e denançi che aspetta cum la chiavarina quisti da cavallo in dente de zenghiar. In pasar fora de strada e rebater ch'ello fa ello intra in questo zogo, e perch'ello sia inteso, io lo fazo in suo logo. Che cum taglio e punta lo posso ferir[395] in la testa. Tanto porto la mia chiavarina ben presta.","[46r-c] ¶ Questo si'e zogho del magistro ch'e denanzi che aspetta cum la ghiavarina quegli da cavallo in dente di çenghiaro in passar fora de strada e rebatter ch'elo fa ello intra in questo zogho. E per che ello sia inteso, io lo fazo in suo logo, che cum taglio e punta lo posso ferire in la testa, Tanto porto La mia ghiavarina ben presta."
"[19] With the butt I have struck you with my spear, But I have another point which is even sharper. This is also a play made by the Master above, who waits in the Boar’s Tusk. In his place I can make this play instead of the other: if he beats aside my spear with his spear, I rotate my spear and strike him with the butt, which is capped with well-tempered steel.","[8v-c] Anchora e aquesto zogo dello ditto magistro che denanci in posta de zenghiar in suo scambio io fazo aquesto ch'ello po fare, quando la lanza e rebatuda Io volto mia lanza e si lo fiero cum lo pedale. Che aquesto ferro si e temperado e de tuto azale.","[46r-d] ¶ Anchora e questo zogho del ditto magistro ch'e denanzi in posta de dente de zenghiaro, in suo scambio io fazo questo ch'ello lo po fare. Quando La lanza e rebattuda, io volto mia lanza, e si lo fiero cum lo pedale, che questo ferro si'e temperado e di tutto azale."
"[1] I am a noble weapon, Lance by name: In the beginning of battle I am always used. And whoever watches me with my dashing pennant Should be frightened with great dread. And if in the beginning I make my due, Axe, sword, and dagger will I upset.","[9r] Aqui comenza l'arte de nobele arma chiamada lanza principio de bataglia a cavallo, e a pe e sua usanza. E chi la guarda cum so bello penone e polito de grande paura doventa smarido. E la fa grande punte, e pericolose forte. E cum una sola po dar la morte. E si lo primo colpo el suo debito ella fara, Azza spada e daga de impazo tute le cavara.",
"[2] I carry my lance in the Boar's Tusk: To deviate yours, I will make mine enter. I carry my lance in the guard Boar’s Tooth, because I am well-armoured and have a shorter lance than my opponent. My intention is to beat his lance offline as I raise mine diagonally. And this will result in our lances crossing each other at about an arm’s length from the point. My lance however will then run into his body, while his will pass offline far from me. And that is how this is done. (This text applies to the drawing on the right.)[399]",,"[41r-a] ¶ Io porto mia lanza in posta di dente di cenghiaro per che io son ben armado, e si, o curta lanza piu che lo compagno, e si fazo rasone de rebatter sua lanza fora de strada zoe ala traversa overo in erto. E si firiro cum la mia lanza in la sua, uno brazo in entro cum uno brazo dela mia hasta, E la mia lanza discorrera in la sua persona.[400] E lla sua lanza andara fora di strada lonze de mi e per tal modo faro."
"[2] I carry my lance in the Boar's Tusk: To deviate yours, I will make mine enter. I carry my lance in the guard Boar’s Tooth, because I am well-armoured and have a shorter lance than my opponent. My intention is to beat his lance offline as I raise mine diagonally. And this will result in our lances crossing each other at about an arm’s length from the point. My lance however will then run into his body, while his will pass offline far from me. And that is how this is done. (This text applies to the drawing on the right.)[399]","[3r-b] Io porto mia lanza in posta di dente di zenghiar perche io son bene armado, e si o curta lanza piu che lo compagno. ¶ E si fazo rasone de rebatere la sua lanza fora de strada, zoe ala taiversa[!] e non in erto. E si firiro Cum la mia lanza in la sua uno brazo in entro cum uno brazo dela mia asta. ¶ E la mia lanza discorrera in la sua persona. E lla sua lanza andera fora de strada lonze de mi e per tal modo faro como e dipento e scripto aqui.",[41r-b] ¶ Questa glosa va al Re di qua.
"[3] In the Boar's Tusk I carry my lance; To beat and to strike are always my method. This is the counter to the previous play when one rides against another with sharp steel, but one has a shorter lance than the other. When he who has the shorter lance carries it low in the Boar’s Tusk, then he with the longer lance should similarly carry his lance low, as drawn here, so that the short lance cannot beat aside the long lance.",,"[41r-c] ¶ Questo si'e lo contrario dello zogho de lanza ch'e denançi che quando uno corre contra l'altro a ferri moladi, e uno a corta lança piu che l'altro. Quando quello che a curta lanza porta la sua lanza bassa in dente di cenghiaro quello che a la lanza longa debia simile mente portarla bassa la sua, per che la curta non possa rebattere la longa per lo modo che qui e depento."
"So that you won't have advantage over me with your lance, This carry of yours I will also make with mine. [In the Getty, the Master on the right is missing his crown.]","[3r-d] Aquesto si e lo contrario dello zogo de lanza ch'e denanzi. Che qui uno corre contra l'altro a ferri amoladi, e uno a curta lanza piu che l'altro. ¶ Quando aquello che a curta lanza la porta la sua bassa in dente de zenghiar, Aquello che ala lanza longa debia similmente portarla bassa la sua, ¶ perche la curta non possa rebater la longa per lo modo ch'e aqui dipento.",
"[4] Because of the short lance that I hold, I come in the Stance of the Queen: To beat and to strike, I hold myself certain. This is another way to carry your lance when fighting another lance. This Master has a short lance, so he carries it in Guard of the Lady on the left as you can see, so he can beat aside his opponent’s weapon and strike him.","[3v-b] Aquesto e uno altro portar de lanza. Aquesto magistro a curta lanza, e si la porta in posta de dona la sinistra como voii vedite, per rebater, e ferire lo compagno.","[41v-b] ¶ Questo e un altro portar de lanza contra lanza. Questo magistro a curta Lanza e si la porta in posta de donna la sinistra como voii vedete, per rebatter a ferir lo compagno."
"[5] To waste you or your horse, I make this throw: And I will come to you to attack with my sword. [In the Getty, the Master on the left is missing his crown.]","[3v-c] S’io lanzo mia lanza in lo petto dello tuo cavallo, lo tuo rebatere fallo. E subito lanzada mia lanza la spada pigliro per mia defesa. E cum tua lanza non mi faraii offesa.",
"This Master also carries his lance in Guard of the Lady on the left, in order to knock aside the spear his opponent is about to throw at him. Just as he can beat it aside using his lance, so too he could beat it aside using a staff or a short sword. [In the Pisani Dossi, the Master on the right is missing his crown.]","[3v-d] Anchora a questo magistro porta la sua lanza in posta di donna sinistra per rebater la lanza che lo[404] compagno gli vole lanzare. E aquello rebatere che lo vol cum la lanza fare, Aquello cum uno bastone o curta spada far lo poria. Salvo che s'ello buta sua lanza in lo peto delo mio cavallo lo mio rebater tornera fallo.","[41v-d] ¶ Anchora questo magistro porta la sua lanza in posta de donna la sinistra per rebatter la lanza che lo compagno gli vole lanzare. E quello rebatter ch'ello vole cum la lanza fare, quello cum uno bastone o curta spada far lo poria."
"[6] Fleeing, I cannot make any other defense And so I turn myself to the right and will make you offense. This master who is fleeing is not wearing armor and rides a horse built for speed, and as he flees he constantly throws his lance point behind him so as to strike at his opponent. And if were to turn his horse to the right he could quickly enter into the Boar’s Tusk guard with his lance, or he could take the left side Guard of the Lady, to beat aside his opponent’s weapon and finish him in similar fashion to the first and the third plays of the lance. [In the Pisani Dossi, the Master is missing his crown.]",[4r-b] Page:MS M.383 04r.jpg,"[42r-b] ¶ Questo magistro che fuzi non e armado, e si a bon[405] cavallo corente, e sempre va buttando le punte cum la sua lanza dredo de si per ferire lo compagno. E si ello se voltasse dela parte dritta ben poria intrar in dente di zenghiaro cum sua lanza, overo in posta di donna la sinistra, e rebatter e finire come si po far in lo primo e in lo terzo çogho de lanza."
"[7] With my sword, I will beat your lance, And with either the point or the edge I will strike you. This method of carrying the sword against the lance is well suited for beating aside your opponent’s lance when you are passing him on his right side. And this guard is effective against all hand held weapons, namely pole axe, staff, sword etc.","[4r-d] Aquesto portar de spada contra lanza e molto fino per rebatere la lanza, cavalcando dela parte dritta delo compagno. E aquesta guardia si e bona contra tute altre arme manuale, zoe contra azza, bastone spada, &c.","[42r-d] ¶ Questo portar de spada contra lanza e molto fino per rebatter la lança cavalcando dela parte dritta dello compagno. E questa guardia si'e bona contra tutte altre arme manuale, zoe contra Aza, Bastone, spada, & cetera."
"[8] I make the counter to your guard, And your horse I will strike without any trouble. This is the counter to the previous play. This Master attacks with his lance held low in order to strike his opponent’s horse either in the head or the chest, and the opponent will be unable to beat aside such a low attack with his sword. [In the Getty, the Master on the right is missing his crown. In the Pisani Dossi, both Masters are missing their crowns.]","[4r-c] Aquesto si e lo contrario dello zogho ch'e denanci. Che questo magistro cum la lanza la porta bassa per ferire lo cavalo in la testa, o in lo petto, che lo compagno non po rebater cum la spada tanto basso.","[42v-a] ¶ Questo si'e contrario del zogho ch'e denanzi che questo magistro cum la lanza la porta bassa per ferir lo cavallo, o in la testa, o in lo petto che lo compagno non po rebatter cum la spada tanto basso."
,"[4v-b] E aquesto portare di spada e molto fino ch'e ditto denanci che se porta contra lanza come e ditto denanci. Che porto la mia spada in posta donna sinistra. E da questo mi vene cum la lanza in resta per ferirmi, e non el cavallo, rebatero la sua lanza, e cum mia spada lo feriro senza fallo che la spada non po defendere basso per lo collo del cavallo.",
"[9] So that you do not beat my lance out of the way, Under my left arm I carry it in rest. This is another counter of lance versus sword. In this one, the man with the lance couches his lance under his left arm, so that his lance cannot be beaten aside. And in this way he will be able to strike the man with the sword with his lance.","[4v-d] Anchora e aquesto uno altro contrario de lanza contra spada. Che aquello dela lanza, meti e resta sua lanza sotto lo suo brazo stancho perche non sia rebatuda sua lanza. E per tal modo pora ferir cum sua lanza aquello della spada.","[42v-d] ¶ Questo e un altro contrario de lanza contra spada, che quello dela lanza metti e resta sua lanza sotto lo suo brazo stancho per che non gli sia rebattuda sua lanza. E per tal modo pora ferir cum sua lança quello della spada."
"[10] At mid-lance thus I come, well-enclosed So that you will delay in beating my lance. I trust I will strike your horse without fail; You will see my play carried out hereafter. [In the Pisani Dossi, the Master on the right is missing his crown.]",[5r-a] [No text],[43r-a] [No text]
"Here the man with the sword awaits the man with the lance, and he is waiting in the Boar’s Tusk guard. As the man with the lance approaches him, the Master with the sword beats aside the lance to the right side, covering and striking with one turn of the sword. [In the Getty, the Master on the left is missing his crown.]","[5r-b] Aquesto cum la spada aspeta aquesto cum la lanza, e si lo aspeta in dente de zenghiare, como aquello cum la lanza gli vene apresso, lo magistro cum la spada rebati sua lanza in fora verso parte dritta. E acosi po far lo magistro cum la spada. ch'ello po covirre[!] in uno voltar de spada.","[43r-b] ¶ Questo cum la spada spetta questo cum la lanza e si lo spetta cum dente di cenghiaro, Come quello cum la Lanza gli vene apresso, lo magistro cum la spada rebatti sua lanza in fora in verso parte dritta. E chossi po far lo magistro cum la spada, ch'ello po covrir e ferir in un voltar di spada."
"[11] So that you cannot cross your sword with my [weapon], I carry it low to waste your horse. This is the counter to the preceding play of lance versus sword. Here the man with the lance strikes his opponent’s (the man with the sword) horse in the head, because he cannot beat aside the lance with his sword since it is too low. [In the Pisani Dossi, the Master is missing his crown.]","[5r-c] Aquesto e lo contrario dello zogo de lanza, e spada ch'e denanzi zoe che aquello cum la lanza fieri in la testa lo cavallo del suo inimigo zoe aquello dela spada perché non po rebater la lanza cum la spada si a basso.","[43r-c] ¶ Questo e lo contrario dello zogho di lanza e de spada ch'e denanzi, çoe che quello cum la lanza fieri in la testa lo cavallo dello suo inimigho, zoe quello della spada, per che non po rebatter la lanza cum la spada si basso."
"[12] Such a carry of the sword gives me four plays to make: I could strike with the point and the edge without fail, And also throw someone from horseback or take his sword. Seldom are these things failures to me. This way of carrying the sword is named “the Long Tail Guard”. When you are riding to your opponent’s right side, this is a very good guard to use against the lance and all other hand held weapons. Keep firmly in your mind that thrusts and strikes from the left side should be beaten aside to your outside line, beating them diagonally upwards, not vertically. And the downward strikes should similarly be beaten aside to the outside, lifting your opponent’s sword a little as you do so. You can make these plays as these drawings show.","[5v-b] Aquesto portar di spada si chiama posta de coda longa e si e molto bona, contra lanza e sp[ada], e contra ogni arma manuale. Cavalcando della parte dritta delo suo iminigo. E tente bene a mente che le punte e li colpi riversi si dibano rebater in fora zoe ala traversa e non in erto. E lli colpi di fendent si dibano rebater anche in fora levando un pocho la spada dello suo inimigo, e po fare gli zoghi segondo le figure depente","[43v-b] ¶ Questo portar di spada se chiama posta de coda longa, e si e, molto bona contra lanza, e contra ogni arma manuale, cavalcando dela parte dritta dello suo inimigho. E tente ben a mente che le punte e li colpi riversi si debano rebatter in fora, zoe, ala traversa e non in erto. E li colpi de fendenti, si debano rebatter per lo simile in fora, levando un pocho la spada dello suo inimigo, E po fare gli zoghi segondo le figure depente."
"[13] Of these two guards I make no comparison; Whoever knows more, his judgment will overcome. And whoever will know to watch for deception Will be able to make the four aforesaid plays well. This version of the Long Tail Guard is a good guard when your opponent attacks you from his sword on his left shoulder, as this opponent is shown doing here. And be advised that this guard will work against all attacks from both the right and the left sides, and against anyone, whether right handed or left handed. Hereafter begin the plays from the Long Tail that always begin with beating aside the opponent’s weapon, as you saw drawn in the first guard of the Long Tail. [In the Getty, the Master on the left is missing his crown.]","[5v-d] Anchora aquesta propria guardia de coda longa si e bona quando uno gli vene in contra cum la spada a man riversa, come vene questo mio inimigo, e sapia che questa guardia e contra tuti colpi de parte dritta e di parte riversa, e contra zaschuno che sia drito o manzino. E aqui de driedo comenzano gli zoghi de coda longa che sempre rebati per lo modo ch'e ditto denanci in prima guardia de coda longa.","[43v-d] ¶ Anchora questa propia guardia de choda longa si'e bona quando uno gli vene incontra cum la spada, a man riversa come vene questo mio inimigo. E sapia che questa guardia e contra tutti colpi de parte dritta e di parte riversa, e contra zaschun che sia, o dritto o manzino. E qui dredo cominzano gli zoghi di coda longa che sempre rebatte per lo modo ch'e ditto denanzi in prima guardia de coda longa."
"[14] This is an equal crossing, without advantage; Whoever has more art and malice begins the action.","[6r-b] Quisti doi magistri sono aqui incrosadi a tuta spada. E zo che po far uno po far l'altro, zoe che po fare tuti zoghi de spada cum lo incrosar. Ma lo incrosar si e de tre rasone, zoe a tuta spada, e punta de spada. E chi e incrosado a tuta spada pocho gle po stare. E chi e incrosado a meza spada meno gle po stare. E chi a punta de spada niente gle po stare. Si che la spada si ha in si tre cose, zoe pocho, meno, e niente.",
"[15] This point I gladly have set in your throat Per the third Master [13] who demonstrates such a guard. This is the first play that comes from the Long Tail Guard shown above. Here the Master beats aside his opponent’s sword, and then places a thrust into his chest or his face, as you see drawn here.","[6r-a] Aque[sto][414] e lo primo zogho che esse dela guardia de coda longa ch'e aqui denanci, zoe che llo magistro rebatti la spada delo suo inimigo, e metegli la punta in lo petto, o vole in lo volto come aqui dipento.","[44r-a] ¶ Questo e lo primo zogho che esse dela guardia de coda longa ch'e qui denanzi, zoe ch'ello magistro rebatte la spada dello suo inimigo, e mettigli la punta in lo petto, o vole in lo volto come qui depento."
"[16] Per the first Master that is in guard with the sword I have given this strike to your head. This is the second play that you can do after beating aside your opponent’s weapon. Here I strike this man over the head, because I see his head is unarmored.",[6r-c] Aquesto si e lo segondo zogo che puo de quello rebater Io fiero a costui sopra la testa che vezo bene che ello non e armado in la testa.,"[44r-b] ¶ Questo si'e lo segondo zogho ch'e pur di quello rebatter, Io fiero costuii sopra la testa che vezo ben ch'ello non e armado la testa."
"[17] By crossing ahead of your sword I have deviated it And with mine I have given a great blow: And also I could have given it to you with my point; And none of the weapons that you have amount to anything to me. This is the another play, the third, where, after beating aside your opponent’s sword, you grab it with your left hand and strike him in the head. You could also strike him with a thrust.",[6r-d] Aquesto e uno altro zogo ch'e llo terzo che rebatuda la spada dello suo Inimigo ello la pigla cum la mane stancha e si gle feri la testa e acosi gle poria ferire de punta.,"[44r-c] ¶ Questo e un altro zogho lo terzo, che rebattu da la spada dello suo inimigho, ello la piglia cum la mane stancha, E si gli fieri la testa. e cossi gli poria ferir de punta."
"[18] You will lose your sword because of this catch Or you will go to the ground without any defense. This is the fourth play, in which the student strikes his opponent in the head and then takes his sword in the manner shown here.",[6v-a] Aquesto si e lo quarto zogo che lo scolar gle vole fare zoe tore la spada per questo modo che vuii possite vedere aqui depento.,[44r-d] ¶ Questo si'e lo quarto zogho che lo scolaro gli vol ferir la testa e tor gli la spada per questo modo che vedete qui depento.
"[19] So that my sword would not be taken from me Against you I have made this turn: Such that that which you were wanting to do to me Through this counter I will do to you. This is the sixth [fifth] play, where you take away your opponent’s sword. You use the hilt of your sword to lift his hilt upwards, which will make his sword fall from his hands.","[6v-b] Aquesto si e lo quinto che vol tore la spada al compagno. Cum lo mantenir dela spada, l'altro mantenir lavera in erto. Dela mane gli cadera la spada per certo.","[44v-b] ¶ Questo si'e lo Sexto che vol tore la spada al compagno. cum lo mantenir dela spada, l'altro mantenir Levera in erto, della mane gli cadera sa[!] spada per certo."
"[20] From horse to ground it will behoove you to go; Maybe I will then know what I should do with you. This is the fifth [sixth] play that flows from the cover where you beat aside his sword. Here I throw my arm around his neck and turn quickly, and with the base of my sword I drive him to the ground. My counter is the second play that follows me, but this counter will not work if your opponent is armored.[418]",[6v-c] Aquesto si e lo sexto zogo che fatta la coverta cum lo rebater de spada. Io glie buto lo brazo al collo in lo voltar subito. Cum tuta la spada in terra lo butero senza dubito. E lo mio contrario de dredo si e lo septimo zogo. Benche siando armado de farlo el non ha logo.[419],"[44v-a] ¶ Questo si'e lo quinto zogho che fa la coverta cum lo rebatter de spada. Io gli butto lo brazzo al collo allo voltar subito, cum tutta la spada in terra lu buttiro senza dubito. E lo mio contrario de dredo si'e lo segondo zogho. Ben che siando armado, di farlo, non a logo."
"[21] If it would behoove me to go to the ground, [sword] and all, I could do no defense other than this strike. This is the seventh play, which is the counter to the fifth [sixth] play above. It employs a strike to your opponent’s leg. But if your opponent is armored, you can’t trust this counter to work.","[6v-d] Aquesto si e lo septimo zogo ch'e contrario dello ferire, ch'ello gli fa in la gamba aquello e desso. Se lo compagno fosse armado non te fidar in esso.[420]",[44v-c] ¶ Questo si'e lo Settimo zogho ch'e contrario del quinto. Lo ferir ch'ello gli fa in la gamba a quello e desso. Se lo compagno fossi armado non te infidar in esso.
"[22] I want to make my defense against the point and the edge, Such that the sword will not be taken from me nor caught, And neither will I be thrown to the ground from my horse: I will strike your face with my pommel without fail. This is the eighth play, which is the counter to all of the preceding plays, but especially the plays of the mounted sword when the masters are in the Long Tail guard. When the Masters or their students are in this guard, and when I strike or thrust at them, and when they quickly beat my attack aside, then I quickly turn my sword and strike them in the face with my pommel. Then I move quickly from my position[421] and strike them in the back of the head with a horizontal backhand strike. [The Pisani Dossi shows the horse position from the Paris and the hand position from the Getty.]","[7r-a] Aquesto si e lo ottavo zogo ch'e contrario de tuti li zoghi che mi sono denanci. E maximamente deli zoghi de spada a cavallo, e deli lor magistri che sono in guardia de coda longa. Che quan li magistri, o scolari stano in la ditta guardia e io tra una punta, o altro colpo. E subito elli me rebateno, o taio, o punta che faza. Quando elli me rebateno subito io do volta ala mia spada e cum lo pomo mio io fero in lo volto. E poii passo cum la mia coverta presta. E cum lo riverso tondo gli fero dredo la testa.","[44v-d] ¶ Questo si'e lo ottavo zogho ch'e contrario di tutti gli zoghi che mi sono denançi. e maxima mente delli zoghi de spada a cavallo, e delli lor magistri che sono in guardia de coda longa. Che quando li magistri, o scolari stano in la ditta guardia, e io gli tro[!] una punta o altro colpo, e subito elli me rebatteno o taglo o punta che faza, Quando elli me rebateno, subito e io do volta ala mia spada, e cum lo pomo mio, io gli fiero in lo volto. E poii passo cum la mia coverta presta e cum lo riverso tondo gli fiero dredo la testa."
"[23] So that you could not hit me in the face with your pommel, I have taken your blow with the hilt of my sword. I am the ninth play, which is the counter to the counter that preceded me. When he turns his sword, I quickly place my hilt as you see drawn here, so that he cannot strike me in the face with his pommel. And if I raise my sword up, and turn it to the left, you[424] could well have your sword taken away. And if I am unable to do that, I could instead strike you with a backhand strike to the face, or with a quick turn of my sword strike you in the head with my pommel. Here ends the plays of sword against sword on horseback. If you know more of this, please share it. [This Master is missing his crown. In the Getty, the player is wearing the garter rather than the Master.]","[7r-b] Lo nono sone che fazo lo contra lo contrario che m'e denanci. Che quando ello da volta ala sua spada, subito lo mio mantenere meto como vuii vedeto depento, che cum lo pomo in lo volto non me po ferire, e s'io levo la spada in erto e dello riverso io piglo volta. Ben poria essere che la spada ti sara tolta. E si aquello mi falla che io non lo faza, dello riverso dela spada ti daro in la faza overo dello pomo ti firiro in la testa tanto faro una volta presta. Aqui finisse lo zogo a cavalo de spada a spada chi piu ne sa men dia una bona derada.","[45r-a] ¶ Lo nono son che façço contra lo contrario che m'e denançi. Che quando ello da volta ala sua spada subito lo mio mantenir metto, comme voii vedete depento che cum lo pomo in lo volto non me po ferir. E s'io levo la spada in erto, e dello riverso io piglio volta, ben poria esser che la spada ti saria tolta. E si quello mi falla che io non lo faza, dello riverso dela spada ti daro in la faza. Overo delo pomo te feriro in la testa, tanto faro mia volta presta. ¶ Qui finisse lo zogho a cavallo de spada a spada. Chi piu ne sa men dia una bona derada."
"[24] In such a way have I grabbed you, running up behind, That I will throw you from the horse—this I believe. This is a grappling play, that is a play of the arms,[425] and this is how you do it: if your opponent is fleeing from you, you come up behind him to his left side. Now with your right hand grab the cheek piece of his bascinet, or if he is unarmored, grab him by the hair or by the right arm from behind his shoulder. In this way you will make him fall backwards to the ground. [In the Getty and Pisani Dossi, the Master is missing his crown.]","[7v-a] Aquesto e zogo de abrazar e tanto, e a dire zogo de abrazar che zogo di braci, e si fa per tal modo. Quando uno te fugi e dela parte stancha tu gli ven apresso Cum la man dritta tu lo pigli in lo sguança dello bacinetto, e s'ello e desarmado per gli cavili, Overo per lo brazo dritto, per dredo le sue spalle, per tal modo lo faraii arivesare, Che in terra lo faraii andare.","[45r-b] ¶ Questo e zogho de Abrazare zoe zogho de brazi, e si fa per tal modo. Quando uno ti fuzi e dela parte stancha tu gli ven apresso, Cum la man dritta tu lo pigli in le sguanze dello bacinetto, e se ello e disarmado, per gli cavigli, overo per lo brazo dritto per dredo le soy spalle, per tal modo faralo riversare, che in terra lo farai andare."
"[25] You wanted to throw me from my horse But with this counter you will go to the ground instead. This is the counter to the previous play, and that play will not work when this counter is quickly applied as follows: when he grabs you from behind you quickly switch hands on the reins, and with your left hand you lock him up as shown here.","[7v-b] Aquesto e contrario dello zogo che dinanci me va per tal modo aquesto contrario cum tal presa se fa zoe che subito quando ello per dredo lo piglia la man della brigla debia subito scambiare. E cum lo brazo stancho, per tal modo lo de piglare.","[45r-c] ¶ Questo e contrario del zogho ch'e denanzi ne val per tal modo, questo contrario cum tal presa se fa zoe subito quando ello per dredo lo piglia, La man dela briglia debia subito scambiare, e cum lo brazo stancho per tal modo lo de pigliare."
"[26] I want to lift your leg with the stirrup, And because of this, to the ground you will go. This student is about to throw his opponent off his horse, by grabbing the stirrup and pulling it upwards. If his opponent does not fall to the ground, he’ll be helpless in the air, and unless his opponent is tied to his horse, this play will not fail him. If he does not have his foot in the stirrup, the student can grab him by the ankle and raise him up into the air in the same way, as I described above. [In the Pisani Dossi, the Scholar wears a crown.]","[7v-c] Aquesto scolar vole butar questo da cavallo zoe che lo pigla per la staffa e levalo in erto. S'ello non va in terra in aere stara per certo. Salvo che se non e a cavallo ligado. Aquesto zogo non po essere falado. S'elo non ha lo pe in la staffa per lo collo del pe lo pigla che piu vale levando in erto come denanci e ditto, fate aquello ch'e denanzi aqui scrito.","[45r-d] ¶ Questo scolaro vole buttar questo da cavallo çoe ch'ello lo piglia per la staffa e levalo in erto. Se ello non va in terra in aere stara per certo, Salvo s'ello non e[428] al cavallo ligado, questo zogho non po esser fallado. E se ello non a, lo pe in la staffa per lo collo del pe lo piglia che piu vale levandolo in erto come denanzi ditto. Fate quello ch'e denanzi qui scritto."
"[27] You wanted to throw me well from my horse; With this counter, to the ground you will go. Here is the counter to the previous play: when your opponent grabs your stirrup or your foot, throw your arm quickly around his neck, and in this way you will be able to unhorse him. Follow this advice and he’ll end up on the ground for sure.","[7v-d] Lo contrario aqui del zogo ch'e denanci aparechiado et se uno te pigla per la staffa overo per lo pe, Butagle lo brazo allo collo, aquesto subito far se de. E per tal modo lo porai descavalcare da cavallo. S'tu fai aquesto ello andera per terra senza fallo.","[45v-a] ¶ Lo contrario del zogho denançi qui e parechiado, che se uno ti piglia per la staffa, overo per lo pe, buttagli lo brazo al collo, e questo subito far si de. E per tal modo lo poraii discavalcare da cavallo. S'tu fa questo ello andera in terra senza fallo."
"[28] I want to throw you and your horse to the ground; The chest of mine will go to the crupper[435] of yours: I will not release the bit of your horse, And in the end you will not avoid the ground; And when one is well-armored, this is a fine hold, Because an offense cannot be made with weapons. This is a method of throwing your opponent to the ground by throwing his horse. It’s done like this:[436] when you and your mounted opponent close, ride to his right side. Then throw your right arm over the neck of his horse, and grab the bridle close to where the bit enters its mouth, and forcefully wrench it upwards and over. At the same time make sure your horse’s shoulders[437] drive into his horse’s haunches[438] In this way you will bring down both him and his horse at the same time. [In the Pisani Dossi, the Scholar is wearing a crown.]","[8r-a] Aquesto e uno zogo de butare uno in terra cum tuto lo cavallo zoe che lo magistro cavalcha dela parte dritta dello suo Inimigo, e buta lo suo brazo dritto per sopra lo collo dello suo cavallo. E pigla la brena delo so cacavallo[!] apresso lo morso, revoltando la testa dello cavallo in erto e llo suo debia speronare che lo suo cavallo cum lo suo petto fiera in gropa overo in gli fianchi del suo cavallo. E per tal modo cadera cum tuto[439] lo cavallo. Lo contrario de questo magistro che vole butare in terra lo suo inimigo cum tuto lo cavallo. Si e aquesto che subito quando lo magistro pigla la sua brena. Che ello debia butare lo brazo al collo per modo che fa lo quarto zugadore che m'e denanci per tal modo andera in terra.","[45v-b] ¶ Questo si'e un Atto de butar uno in terra cum lo cavallo. Lo rimedio di buttar uno in terra cum tutto lo cavallo per tal modo si fa. Quando tu scontre uno a cavallo. Cavalca dela sua parte dritta. E llo tuo brazo dritto buttalo per sopra lo collo del suo cavallo, e pigla la sua brena a presso lo morso che gli sta in bocha, e rivoltalo in erto per forza. E llo petto del tuo cavallo fa che vada per mezo la groppa del suo cavallo. E per tal modo convene andar in terra cum tutto lo cavallo."
"[29] This is the counter to the play before, where you throw your opponent to the ground together with his horse. This is an easy counter: when the student throws his arm over the neck of your horse to grab the bridle, you should quickly throw your arm around the student’s neck, and you will effectively make him let go. Just do as the drawing shows.","[8r-a] Aquesto e uno zogo de butare uno in terra cum tuto lo cavallo zoe che lo magistro cavalcha dela parte dritta dello suo Inimigo, e buta lo suo brazo dritto per sopra lo collo dello suo cavallo. E pigla la brena delo so cacavallo[!] apresso lo morso, revoltando la testa dello cavallo in erto e llo suo debia speronare che lo suo cavallo cum lo suo petto fiera in gropa overo in gli fianchi del suo cavallo. E per tal modo cadera cum tuto[439] lo cavallo. Lo contrario de questo magistro che vole butare in terra lo suo inimigo cum tuto lo cavallo. Si e aquesto che subito quando lo magistro pigla la sua brena. Che ello debia butare lo brazo al collo per modo che fa lo quarto zugadore che m'e denanci per tal modo andera in terra.","[45v-c] ¶ Questo si'e lo contrario di questo zogho qui denanzi che vole buttar in terra lo compagno cum tutto lo cavallo. Questa e lizera chosa da cognossere che quando lo scolaro butta lo brazo per sopra lo collo del cavallo per piglar la brena, de subito ello gli de buttar el brazo lo zugador al collo dello scolaro, e per forza ello convien lassar. Segondo vedeti qui depento si debia fare."
"[30] I seek to take the bridle from your hands And I want to throw it over the head of your horse: And when the bridle will be thrown over its head, With my position I will lead you to a different country. In this play you take the reins of your opponent’s horse out of his hands, as you see drawn here. When you and your mounted opponent close, ride to his right side, and throw your right arm over his horse’s neck and grab the reins near his left hand with your right hand turned down. Now pull the reins over his horse’s head. This play is safer to do in armor than unarmored. [In the Pisani Dossi, the Scholar is wearing a crown.]","[8r-b] Aquesto e uno zogho de tore la brena dello cavallo dela maane[442] delo compagno per modo che voii vedite aqui dipento, lo scolar quando ello se scontra cum uno altro da cavallo, ello gle cavalcha dela parte dritta, e butagli lo suo brazo dritto per sopra lo collo del cavallo, e pigla la sua brena[443] apresso la sua man sinistra cum la sua man riversa. E tra la brena delo cavallo dela testa. E aquesto zogo e piu seguro armado che disarmado.","[45v-d] ¶ Questo si'e un zogo di tore la brena delo cavallo de mane del compagno per modo che vedeti qui depento. Lo scolaro quando ello se scontra cum uno altro da cavallo, ello gli cavalca dela parte dritta, e butta gli lo suo brazo dritto per sopra lo collo dello cavallo, e pigla la sua brena apresso la sua man sinestra, cum la sua mane riversa. E tra la brena dela testa del cavallo. E questo zogo e piu siguro armado che disarmado."
"[31] This Master has lashed a cord to his saddle And to the foot of his lance, which is cruel and destructive, To throw to the neck of his enemy, In order to drag him to the ground; so do I say. This Master has bound one end of a strong rope to his horse’s saddle, and the other end to the butt of his lance. First he strikes his opponent, then he will cast the lance to the left side of his opponent, over his opponent’s left shoulder, and in this way he can drag his opponent from his horse.","[2v-a] ¶ Aquesto magistro ha ligada una forte corda alla sella dello suo cavallo, zoe uno cavo, e l'altro cavo si a ligado alo pe della sua lanza primo lo vol ferir e poii la lanza a cosi ligada della parte stancha delo suo inimigo sopra la spalla la vole butar, per poterlo zo dello cavallo strasinare.","[46v-a] ¶ Questo magistro a ligada una forte corda ala Sella del suo cavallo zoe uno cavo, L'altro cavo sia ligado allo pe dela sua lanza. Primo lo vol ferire, e poii la Lanza chossi ligada della parte stancha dello so inimigo sopra la spalla la vola buttare, per posserlo lo zo del cavallo strassinare."
"[32] This scoundrel was fleeing from me towards a castle. I rode so hard and fast at full rein that I caught up with him closed to his castle. And I struck him with my sword in his armpit, which is a difficult area to protect with armor. Now I withdraw to avoid retaliation from his friends.",,"[46v-c] ¶ Questo Ribaldo mi fuziva a una forteza. tanto corsi che io lo zunsi apresso la fortezza sempre corando a tutta brena. E de mia spada lo feri sotto la lasena, Li che male si po l'omo armare. E per paura de soii amisi voglio retornare."
"Here ends the Flower of the Art of Combat, In this way one man can stand against another: Made by Fiore Furlano, son of Sir Benedetto; Those who knew him can believe his words well. Here ends this book that was written by Fiore the scholar, who has published here everything he knows about this art, that is to say, everything he knows about armed fighting is contained within this book. This same Fiore has named his book “The Flower of the Battle”. Let he for whom this book was made be forever praised, for his nobility and virtue have no equal, Fiore the Friulian, a simple elderly man, entrusts this book to you.",,"[46v-d] ¶ Qui finisse lo libro che a fatto lo scolaro Fiore che zo ch'ello sa in quest'arte, qui l'a posto, zoe in tutto la armizare, in questo libro e lo fiore Fior di Bataglia per nome ello e chiamato. Quello per chi ello e fatto sempre sia apresiato che de Nobilita e virtu non se trova Lo parechio, Fior Furlan a voii si recomanda povero vechio."
